<?xml version="1.0" encoding="UTF-8"?>
<!DOCTYPE service-builder PUBLIC "-//Liferay//DTD Service Builder 7.4.0//EN" "http://www.liferay.com/dtd/liferay-service-builder_7_4_0.dtd">

<service-builder package-path="com.liferay.training.gradebook" auto-namespace-tables="true">
    <author>hgrahul</author>
    <namespace>Gradebook</namespace>
    <entity name="Assignment" local-service="true" remote-service="true" uuid="true">
    	<!-- PK fields -->
    	<column name="assignmentId" primary="true" type="long"></column>

    	<!-- Group instance -->
    	<column name="groupId" type="long"></column>

    	<!-- Audit fields -->
    	<column name="companyId" type="long"></column>
    	<column name="userId" type="long"></column>
    	<column name="userName" type="String"></column>
    	<column name="createDate" type="Date"></column>
    	<column name="modifiedDate" type="Date"></column>
	
		<!-- Actual Assignment Fields -->
		<column name="title" type="String" localized="true" />
		<column name="description" type="String" localized="true" />
		<column name="dueDate" type="Date" />
		
		<!-- Assignment Status Fields For Workflow and Asset Management -->	
		<column name="status" type="int" />
		<column name="statusByUserId" type="long" />
		<column name="statusByUserName" type="String" />
		<column name="statusDate" type="Date" />
		
		<!-- Default Ordering For Assignment Retrival -->
		<order by="asc">
			<order-column name="title" />
		</order>
		
		<!-- Get A List Of Assignment Based On Website Or GroupId -->
		<finder return-type="Collection" name="GroupId">
			<finder-column name="groupId" />
		</finder>
		
		<!-- Referencing Group Functionality To Assignment -->
		<reference entity="Group" package-path="com.liferay.portal"/>
		
		<!-- Referencing Asset Functionality To Assignment -->	
		<reference entity="AssetEntry" package-path="com.liferay.portlet.asset"/>
		<reference entity="AssetTag" package-path="com.liferay.portlet.asset"/>
			
		<!-- Referencing Workflow Functionality To Assignment -->
		<reference entity="WorkflowInstanceLink" package-path="com.liferay.portal"/>
    </entity>
    <exceptions>
    	<exception>AssignmentValidation</exception>
    </exceptions>
</service-builder>