<?xml version="1.0"?>
<!DOCTYPE service-builder PUBLIC "-//Liferay//DTD Service Builder 7.4.0//EN" "http://www.liferay.com/dtd/liferay-service-builder_7_4_0.dtd">

<service-builder dependency-injector="ds" package-path="com.liferay.training.gradebook">
    <author>hgrahul</author>
    <namespace>Gradebook</namespace>
    <entity name="Assignment" local-service="true" remote-service="true">
    	<!-- PK fields -->
    	<column name="assignmentId" primary="true" type="long"></column>

    	<!-- Group instance -->
    	<column name="groupId" type="long"></column>

    	<!-- Audit fields -->
    	<column name="companyId" type="long"></column>
    	<column name="userId" type="long"></column>
    	<column name="userName" type="String"></column>
    	<column name="createDate" type="Date"></column>
    	<column name="modifiedDate" type="Date"></column>
	
		<!-- Actual Assignment Field -->
		<column name="title" type="String" localized="true" />
		<column name="description" type="String" localized="true" />
		<column name="dueDate" type="Date" />
		
		<!-- Default Ordering For Assignment Being Retrived -->
		<order by="asc">
			<order-column name="title"></order-column>
		</order>
		
		<!-- Get Collection Of Assignment Based GroupId Or Website Id -->
		<finder name="GroupId" return-type="Collection">
			<finder-column name="groupId"></finder-column>
		</finder>
		
		<!-- Reference To Group Services -->
		<reference entity="Group" package-path="com.liferay.portal"/>
		
		<!-- Reference To Asset Services -->
		<reference entity="AssetEntry" package-path="com.liferay.portlet.asset"/>
		<reference entity="AssetTag" package-path="com.liferay.portlet.asset"/>
    </entity>
    <!-- Custom Exception For Assignment Or Other Entities To Use -->
    <exceptions>
    	<exception>AssignmentValidation</exception>
    </exceptions>
</service-builder>